PRAGMA synchronous = OFF;
PRAGMA journal_mode = MEMORY;
BEGIN TRANSACTION;

CREATE TABLE "CUSTOMER" (
  "CustomerID" int(11) NOT NULL ,
  "LastName" char(25) NOT NULL,
  "FirstName" char(25) NOT NULL,
  "Address" char(35) DEFAULT NULL,
  "City" char(35) DEFAULT NULL,
  "State" char(2) DEFAULT NULL,
  "ZIP" char(10) DEFAULT NULL,
  "Phone" char(12) NOT NULL,
  "Email" varchar(100) DEFAULT NULL,
  PRIMARY KEY ("CustomerID")
);
INSERT INTO "CUSTOMER" VALUES (1,'Shire','Robert','6225 Evanston Ave N','Seattle','WA','98103','206-524-2433','Robert.Shire@somewhere.com');
INSERT INTO "CUSTOMER" VALUES (2,'Goodyear','Katherine','7335 11th Ave NE','Seattle','WA','98105','206-524-3544','Katherine.Goodyear@somewhere.com');
INSERT INTO "CUSTOMER" VALUES (3,'Bancroft','Chris','12605 NE 6th Street','Bellevue','WA','98005','425-635-9788','Chris.Bancroft@somewhere.com');
INSERT INTO "CUSTOMER" VALUES (4,'Griffith','John','335 Aloha Street','Seattle','WA','98109','206-524-4655','John.Griffith@somewhere.com');
INSERT INTO "CUSTOMER" VALUES (5,'Tierney','Doris','14510 NE 4th Street','Bellevue','WA','98005','425-635-8677','Doris.Tierney@somewhere.com');
INSERT INTO "CUSTOMER" VALUES (6,'Anderson','Donna','1410 Hillcrest Parkway','Mt. Vernon','WA','98273','360-538-7566','Donna.Anderson@elsewhere.com');
INSERT INTO "CUSTOMER" VALUES (7,'Svane','Jack','3211 42nd Street','Seattle','WA','98115','206-524-5766','Jack.Svane@somewhere.com');
INSERT INTO "CUSTOMER" VALUES (8,'Walsh','Denesha','6712 24th Avenue NE','Redmond','WA','98053','425-635-7566','Denesha.Walsh@somewhere.com');
INSERT INTO "CUSTOMER" VALUES (9,'Enquist','Craig','534 15th Street','Bellingham','WA','98225','360-538-6455','Craig.Enquist@elsewhere.com');
INSERT INTO "CUSTOMER" VALUES (10,'Anderson','Rose','6823 17th Ave NE','Seattle','WA','98105','206-524-6877','Rose.Anderson@elsewhere.com');
CREATE TABLE "EMPLOYEE" (
  "EmployeeID" int(11) NOT NULL ,
  "LastName" char(25) NOT NULL,
  "FirstName" char(25) NOT NULL,
  "Phone" char(12) DEFAULT NULL,
  "Email" varchar(100) NOT NULL,
  PRIMARY KEY ("EmployeeID")
);
INSERT INTO "EMPLOYEE" VALUES (1,'Stuart','Anne','206-527-0010','Anne.Stuart@QACS.com');
INSERT INTO "EMPLOYEE" VALUES (2,'Stuart','George','206-527-0011','George.Stuart@QACS.com');
INSERT INTO "EMPLOYEE" VALUES (3,'Stuart','Mary','206-527-0012','Mary.Stuart@QACS.com');
INSERT INTO "EMPLOYEE" VALUES (4,'Orange','William','206-527-0013','William.Orange@QACS.com');
INSERT INTO "EMPLOYEE" VALUES (5,'Griffith','John','206-527-0014','John.Griffith@QACS.com');
CREATE TABLE "ITEM" (
  "ItemID" int(11) NOT NULL ,
  "ItemDescription" varchar(255) NOT NULL,
  "PurchaseDate" datetime NOT NULL,
  "ItemCost" decimal(9,2) NOT NULL,
  "ItemPrice" decimal(9,2) NOT NULL,
  "VendorID" int(11) NOT NULL,
  PRIMARY KEY ("ItemID")
  CONSTRAINT "ITEM_VENDOR_FK" FOREIGN KEY ("VendorID") REFERENCES "VENDOR" ("VendorID") ON DELETE NO ACTION ON UPDATE NO ACTION
);
INSERT INTO "ITEM" VALUES (1,'Antique Desk','2013-11-07 00:00:00',1800.00,3000.00,2);
INSERT INTO "ITEM" VALUES (2,'Antique Desk Chair','2013-11-10 00:00:00',300.00,500.00,4);
INSERT INTO "ITEM" VALUES (3,'Dining Table Linens','2013-11-14 00:00:00',600.00,1000.00,1);
INSERT INTO "ITEM" VALUES (4,'Candles','2013-11-14 00:00:00',30.00,50.00,1);
INSERT INTO "ITEM" VALUES (5,'Candles','2013-11-14 00:00:00',27.00,45.00,1);
INSERT INTO "ITEM" VALUES (6,'Desk Lamp','2013-11-14 00:00:00',150.00,250.00,3);
INSERT INTO "ITEM" VALUES (7,'Dining Table Linens','2013-11-14 00:00:00',450.00,750.00,1);
INSERT INTO "ITEM" VALUES (8,'Book Shelf','2013-11-21 00:00:00',150.00,250.00,5);
INSERT INTO "ITEM" VALUES (9,'Antique Chair','2013-11-21 00:00:00',750.00,1250.00,6);
INSERT INTO "ITEM" VALUES (10,'Antique Chair','2013-11-21 00:00:00',1050.00,1750.00,6);
INSERT INTO "ITEM" VALUES (11,'Antique Candle Holders','2013-11-28 00:00:00',210.00,350.00,2);
INSERT INTO "ITEM" VALUES (12,'Antique Desk','2014-01-05 00:00:00',1920.00,3200.00,2);
INSERT INTO "ITEM" VALUES (13,'Antique Desk','2014-01-05 00:00:00',2100.00,3500.00,2);
INSERT INTO "ITEM" VALUES (14,'Antique Desk Chair','2014-01-06 00:00:00',285.00,475.00,9);
INSERT INTO "ITEM" VALUES (15,'Antique Desk Chair','2014-01-06 00:00:00',339.00,565.00,9);
INSERT INTO "ITEM" VALUES (16,'Desk Lamp','2014-01-06 00:00:00',150.00,250.00,10);
INSERT INTO "ITEM" VALUES (17,'Desk Lamp','2014-01-06 00:00:00',150.00,250.00,10);
INSERT INTO "ITEM" VALUES (18,'Desk Lamp','2014-01-06 00:00:00',144.00,240.00,3);
INSERT INTO "ITEM" VALUES (19,'Antique Dining Table','2014-01-10 00:00:00',3000.00,5000.00,7);
INSERT INTO "ITEM" VALUES (20,'Antique Sideboard','2014-01-11 00:00:00',2700.00,4500.00,8);
INSERT INTO "ITEM" VALUES (21,'Dining Table Chairs','2014-01-11 00:00:00',5100.00,8500.00,9);
INSERT INTO "ITEM" VALUES (22,'Dining Table Linens','2014-01-12 00:00:00',450.00,750.00,1);
INSERT INTO "ITEM" VALUES (23,'Dining Table Linens','2014-01-12 00:00:00',480.00,800.00,1);
INSERT INTO "ITEM" VALUES (24,'Candles','2014-01-17 00:00:00',30.00,50.00,1);
INSERT INTO "ITEM" VALUES (25,'Candles','2014-01-17 00:00:00',36.00,60.00,1);
CREATE TABLE "SALE" (
  "SaleID" int(11) NOT NULL ,
  "CustomerID" int(11) NOT NULL,
  "EmployeeID" int(11) NOT NULL,
  "SaleDate" datetime NOT NULL,
  "SubTotal" decimal(15,2) DEFAULT NULL,
  "Tax" decimal(15,2) DEFAULT NULL,
  "Total" decimal(15,2) DEFAULT NULL,
  PRIMARY KEY ("SaleID")
  CONSTRAINT "SALE_CUSTOMER_FK" FOREIGN KEY ("CustomerID") REFERENCES "CUSTOMER" ("CustomerID") ON DELETE NO ACTION ON UPDATE NO ACTION,
  CONSTRAINT "SALE_EMPLOYEE_FK" FOREIGN KEY ("EmployeeID") REFERENCES "EMPLOYEE" ("EmployeeID") ON DELETE NO ACTION ON UPDATE NO ACTION
);
INSERT INTO "SALE" VALUES (1,1,1,'2013-12-14 00:00:00',3500.00,290.50,3790.50);
INSERT INTO "SALE" VALUES (2,2,1,'2013-12-15 00:00:00',1000.00,83.00,1083.00);
INSERT INTO "SALE" VALUES (3,3,1,'2013-12-15 00:00:00',50.00,4.15,54.15);
INSERT INTO "SALE" VALUES (4,4,3,'2013-12-23 00:00:00',45.00,3.74,48.74);
INSERT INTO "SALE" VALUES (5,1,5,'2014-01-05 00:00:00',250.00,20.75,270.75);
INSERT INTO "SALE" VALUES (6,5,5,'2014-01-10 00:00:00',750.00,62.25,812.25);
INSERT INTO "SALE" VALUES (7,6,4,'2014-01-12 00:00:00',250.00,20.75,270.75);
INSERT INTO "SALE" VALUES (8,2,1,'2014-01-15 00:00:00',3000.00,249.00,3249.00);
INSERT INTO "SALE" VALUES (9,5,5,'2014-01-25 00:00:00',350.00,29.05,379.05);
INSERT INTO "SALE" VALUES (10,7,1,'2014-02-04 00:00:00',14250.00,1182.75,15432.75);
INSERT INTO "SALE" VALUES (11,8,5,'2014-02-04 00:00:00',250.00,20.75,270.75);
INSERT INTO "SALE" VALUES (12,5,4,'2014-02-07 00:00:00',50.00,4.15,54.15);
INSERT INTO "SALE" VALUES (13,9,2,'2014-02-07 00:00:00',4500.00,373.50,4873.50);
INSERT INTO "SALE" VALUES (14,10,3,'2014-02-11 00:00:00',3675.00,305.03,3980.03);
INSERT INTO "SALE" VALUES (15,2,2,'2014-02-11 00:00:00',800.00,66.40,866.40);
CREATE TABLE "SALE_ITEM" (
  "SaleID" int(11) NOT NULL,
  "SaleItemID" int(11) NOT NULL,
  "ItemID" int(11) NOT NULL,
  "ItemPrice" decimal(9,2) NOT NULL,
  PRIMARY KEY ("SaleID","SaleItemID")
  CONSTRAINT "SALE_ITEM_ITEM_FK" FOREIGN KEY ("ItemID") REFERENCES "ITEM" ("ItemID") ON DELETE NO ACTION ON UPDATE NO ACTION,
  CONSTRAINT "SALE_ITEM_SALE_FK" FOREIGN KEY ("SaleID") REFERENCES "SALE" ("SaleID") ON DELETE CASCADE ON UPDATE NO ACTION
);
INSERT INTO "SALE_ITEM" VALUES (1,1,1,3000.00);
INSERT INTO "SALE_ITEM" VALUES (1,2,2,500.00);
INSERT INTO "SALE_ITEM" VALUES (2,1,3,1000.00);
INSERT INTO "SALE_ITEM" VALUES (3,1,4,50.00);
INSERT INTO "SALE_ITEM" VALUES (4,1,5,45.00);
INSERT INTO "SALE_ITEM" VALUES (5,1,6,250.00);
INSERT INTO "SALE_ITEM" VALUES (6,1,7,750.00);
INSERT INTO "SALE_ITEM" VALUES (7,1,8,250.00);
INSERT INTO "SALE_ITEM" VALUES (8,1,9,1250.00);
INSERT INTO "SALE_ITEM" VALUES (8,2,10,1750.00);
INSERT INTO "SALE_ITEM" VALUES (9,1,11,350.00);
INSERT INTO "SALE_ITEM" VALUES (10,1,19,5000.00);
INSERT INTO "SALE_ITEM" VALUES (10,2,21,8500.00);
INSERT INTO "SALE_ITEM" VALUES (10,3,22,750.00);
INSERT INTO "SALE_ITEM" VALUES (11,1,17,250.00);
INSERT INTO "SALE_ITEM" VALUES (12,1,24,50.00);
INSERT INTO "SALE_ITEM" VALUES (13,1,20,4500.00);
INSERT INTO "SALE_ITEM" VALUES (14,1,12,3200.00);
INSERT INTO "SALE_ITEM" VALUES (14,2,14,475.00);
INSERT INTO "SALE_ITEM" VALUES (15,1,23,800.00);
CREATE TABLE "VENDOR" (
  "VendorID" int(11) NOT NULL ,
  "CompanyName" char(100) DEFAULT NULL,
  "ContactLastName" char(25) NOT NULL,
  "ContactFirstName" char(25) NOT NULL,
  "Address" char(35) DEFAULT NULL,
  "City" char(35) DEFAULT NULL,
  "State" char(2) DEFAULT NULL,
  "ZIP" char(10) DEFAULT NULL,
  "Phone" char(12) NOT NULL,
  "Fax" char(12) DEFAULT NULL,
  "Email" varchar(100) DEFAULT NULL,
  PRIMARY KEY ("VendorID")
);
INSERT INTO "VENDOR" VALUES (1,'Linens and Things','Huntington','Anne','1515 NW Market Street','Seattle','WA','98107','206-325-6755','206-329-9675','LAT@business.com');
INSERT INTO "VENDOR" VALUES (2,'European Specialties','Tadema','Ken','6123 15th Avenue NW','Seattle','WA','98107','206-325-7866','206-329-9786','ES@business.com');
INSERT INTO "VENDOR" VALUES (3,'Lamps and Lighting','Swanson','Sally','506 Prospect Street','Seattle','WA','98109','206-325-8977','206-329-9897','LAL@business.com');
INSERT INTO "VENDOR" VALUES (4,NULL,'Lee','Andrew','1102 3rd Street','Kirkland','WA','98033','425-746-5433',NULL,'Andrew.Lee@somewhere.com');
INSERT INTO "VENDOR" VALUES (5,NULL,'Harrison','Denise','533 10th Avenue','Kirkland','WA','98033','425-746-4322',NULL,'Denise.Harrison@somewhere.com');
INSERT INTO "VENDOR" VALUES (6,'New York Brokerage','Smith','Mark','621 Roy Street','Seattle','WA','98109','206-325-9088','206-329-9908','NYB@business.com');
INSERT INTO "VENDOR" VALUES (7,NULL,'Walsh','Denesha','6712 24th Avenue NE','Redmond','WA','98053','425-635-7566',NULL,'Denesha.Walsh@somewhere.com');
INSERT INTO "VENDOR" VALUES (8,NULL,'Bancroft','Chris','12605 NE 6th Street','Bellevue','WA','98005','425-635-9788','425-639-9978','Chris.Bancroft@somewhere.com');
INSERT INTO "VENDOR" VALUES (9,'Specialty Antiques','Nelson','Fred','2512 Lucky Street','San Francisco','CA','94110','415-422-2121','415-429-9212','SA@business.com');
INSERT INTO "VENDOR" VALUES (10,'General Antiques','Garner','Patty','2515 Lucky Street','San Francisco','CA','94110','415-422-3232','415-429-9323','GA@business.com');
CREATE INDEX "SALE_ITEM_SALE_ITEM_ITEM_FK" ON "SALE_ITEM" ("ItemID");
CREATE INDEX "SALE_SALE_CUSTOMER_FK" ON "SALE" ("CustomerID");
CREATE INDEX "SALE_SALE_EMPLOYEE_FK" ON "SALE" ("EmployeeID");
CREATE INDEX "EMPLOYEE_Email" ON "EMPLOYEE" ("Email");
CREATE INDEX "ITEM_ITEM_VENDOR_FK" ON "ITEM" ("VendorID");
END TRANSACTION;
