PRAGMA foreign_keys=OFF;
BEGIN TRANSACTION;
CREATE TABLE IF NOT EXISTS "BREED" (
  "BreedName" varchar(100) NOT NULL,
  "MinWeight" decimal(4,1) DEFAULT NULL,
  "MaxWeight" decimal(4,1) DEFAULT NULL,
  "AverageLifeExpectancy" decimal(4,1) DEFAULT NULL,
  PRIMARY KEY ("BreedName")
);
INSERT INTO BREED VALUES('Border Collie',15,22.5,20);
INSERT INTO BREED VALUES('Cashmere',10,15,12);
INSERT INTO BREED VALUES('Collie Mix',17.5,25,18);
INSERT INTO BREED VALUES('Std. Poodle',22.5,30,18);
INSERT INTO BREED VALUES('Unknown',NULL,NULL,NULL);
CREATE TABLE IF NOT EXISTS "PET" (
  "PetID" int(11) NOT NULL ,
  "PetName" char(50) NOT NULL,
  "PetType" char(25) NOT NULL,
  "PetBreed" varchar(100) DEFAULT NULL,
  "PetDOB" date DEFAULT NULL,
  "OwnerID" int(11) NOT NULL,
  PRIMARY KEY ("PetID")
  CONSTRAINT "PET_BREED_FK" FOREIGN KEY ("PetBreed") REFERENCES "BREED" ("BreedName") ON UPDATE CASCADE,
  CONSTRAINT "PET_OWNER_FK" FOREIGN KEY ("OwnerID") REFERENCES "PET_OWNER" ("OwnerID") ON DELETE CASCADE
);
INSERT INTO PET VALUES(1,'King','Dog','Std. Poodle','2011-02-27',1);
INSERT INTO PET VALUES(2,'Teddy','Cat','Cashmere','2012-02-01',2);
INSERT INTO PET VALUES(3,'Fido','Dog','Std. Poodle','2010-07-17',1);
INSERT INTO PET VALUES(4,'AJ','Dog','Collie Mix','2011-05-05',3);
INSERT INTO PET VALUES(5,'Cedro','Cat',NULL,'2009-06-06',2);
INSERT INTO PET VALUES(6,'Wooley','Cat',NULL,NULL,2);
INSERT INTO PET VALUES(7,'Buster','Dog','Border Collie','2008-12-11',4);
CREATE TABLE IF NOT EXISTS "PET_3" (
  "PetID" int(11) NOT NULL ,
  "PetName" char(50) NOT NULL,
  "PetType" char(25) NOT NULL,
  "PetBreed" varchar(100) DEFAULT NULL,
  "PetDOB" date DEFAULT NULL,
  "PetWeight" decimal(4,1) DEFAULT NULL,
  "OwnerID" int(11) NOT NULL,
  PRIMARY KEY ("PetID")
  CONSTRAINT "PET_3_BREED_FK" FOREIGN KEY ("PetBreed") REFERENCES "BREED" ("BreedName") ON UPDATE CASCADE,
  CONSTRAINT "PET_3_OWNER_FK" FOREIGN KEY ("OwnerID") REFERENCES "PET_OWNER" ("OwnerID") ON DELETE CASCADE
);
INSERT INTO PET_3 VALUES(1,'King','Dog','Std. Poodle','2011-02-27',25.499999999999999999,1);
INSERT INTO PET_3 VALUES(2,'Teddy','Cat','Cashmere','2012-02-01',10.499999999999999999,2);
INSERT INTO PET_3 VALUES(3,'Fido','Dog','Std. Poodle','2010-07-17',28.499999999999999999,1);
INSERT INTO PET_3 VALUES(4,'AJ','Dog','Collie Mix','2011-05-05',20,3);
INSERT INTO PET_3 VALUES(5,'Cedro','Cat',NULL,'2009-06-06',9.5,2);
INSERT INTO PET_3 VALUES(6,'Wooley','Cat',NULL,NULL,9.5,2);
INSERT INTO PET_3 VALUES(7,'Buster','Dog','Border Collie','2008-12-11',25,4);
CREATE TABLE IF NOT EXISTS "PET_OWNER" (
  "OwnerID" int(11) NOT NULL ,
  "OwnerLastName" char(25) NOT NULL,
  "OwnerFirstName" char(25) NOT NULL,
  "OwnerPhone" char(12) DEFAULT NULL,
  "OwnerEmail" varchar(100) DEFAULT NULL,
  PRIMARY KEY ("OwnerID")
);
INSERT INTO PET_OWNER VALUES(1,'Downs','Marsha','555-537-8765','Marsha.Downs@somewhere.com');
INSERT INTO PET_OWNER VALUES(2,'James','Richard','555-537-7654','Richard.James@somewhere.com');
INSERT INTO PET_OWNER VALUES(3,'Frier','Liz','555-537-6543','Liz.Frier@somewhere.com');
INSERT INTO PET_OWNER VALUES(4,'Trent','Miles',NULL,'Miles.Trent@somewhere.com');
CREATE INDEX "PET_3_PET_3_OWNER_FK" ON "PET_3" ("OwnerID");
CREATE INDEX "PET_3_PET_3_BREED_FK" ON "PET_3" ("PetBreed");
CREATE INDEX "PET_PET_OWNER_FK" ON "PET" ("OwnerID");
CREATE INDEX "PET_PET_BREED_FK" ON "PET" ("PetBreed");
COMMIT;
